{
  "table": {
    "partial_acc": [
      0.0,
      1.0,
      1.0,
      0.0,
      1.0
    ],
    "strict_acc": [
      0,
      1,
      1,
      0,
      1
    ],
    "precision": [
      1.0,
      1.0,
      1.0,
      1.0,
      1.0
    ],
    "recall": [
      0.0,
      1.0,
      1.0,
      0.0,
      1.0
    ],
    "avg_partial_acc": 0.6,
    "avg_strict_acc": 0.6,
    "avg_precision": 1.0,
    "avg_recall": 0.6
  },
  "column": {
    "partial_acc": [
      0.0,
      0.16666666666666666,
      1.0,
      0.0,
      0.5
    ],
    "strict_acc": [
      0,
      0,
      1,
      0,
      0
    ],
    "precision": [
      1.0,
      1.0,
      1.0,
      1.0,
      1.0
    ],
    "recall": [
      0.0,
      0.16666666666666666,
      1.0,
      0.0,
      0.5
    ],
    "avg_partial_acc": 0.33333333333333337,
    "avg_strict_acc": 0.2,
    "avg_precision": 1.0,
    "avg_recall": 0.33333333333333337
  }
}